Name	title	coding
t3_1gbjph4	Help me pick my winter schedule 	academic advice
t3_1gbijkx	How do I study effectively??	academic advice
t3_1gb2fm8	Photocopying services 	campus services
t3_1g9xk99	am i cooked for phil 310	course advice
t3_1gb2fm8	Photocopying services 	campus services
t3_1gb2fm8	Photocopying services 	campus services
t3_1gbbtub	ANTH 319 Midterm grades	course advice
t3_1gbwqzw	Math 180	course advice
t3_1gb4oxw	SEAD Courses	course advice
t3_1garofw	Seeking university students for a feedback intervention study on perfectionism and daily events!	opportunities
t3_1gbgsy4	psyc 311 midterm 	course advice
t3_1gaokd3	What are your thoughts on the (nearly forgotten) McGill "snail trail" and would you like to see it expanded to the extent shown here?	social
t3_1gbxu9l	Loans and Bursaries	admin support
t3_1garofw	Seeking university students for a feedback intervention study on perfectionism and daily events!	opportunities
t3_1gbijkx	How do I study effectively??	academic advice
t3_1g92sgo	bioc311 midterm grades	course advice
t3_1gc26tx	Is there any McGill association(club or organi.) which will allow non-McGill stu. to do volunteering?	volunteering
t3_1gc1d2o	McGill Medicine CV	academic advice
t3_1ga3nca	I failed an exam for the first time in my life. Copium hitting hard	social
t3_1ga0e6q	Econ 208 Midterm	course advice
